index,City,Lat,Lng,Max Temp,Cloudiness,Country,Date,Humidity,Wind Speed
0,mataura,-46.19,168.86,46.9,92,NZ,1542664536,98,19.01
1,tasiilaq,65.61,-37.64,37.4,92,GL,1542660600,86,51.67
2,saint-philippe,45.36,-73.48,35.06,90,CA,1542662100,74,2.24
3,sabang,13.72,123.58,79.79,92,PH,1542664970,88,16.78
4,hermanus,-34.42,19.24,56.22,0,ZA,1542664527,96,3.02
5,jamestown,-33.21,138.6,65.84,92,AU,1542664570,78,11.97
6,derzhavinsk,51.1,66.31,24.89,88,KZ,1542664970,91,7.38
7,vaini,15.34,74.49,67.6,0,IN,1542664547,94,2.68
8,povenets,62.85,34.83,23.5,0,RU,1542664773,88,8.39
10,tuatapere,-46.13,167.69,44.92,92,NZ,1542664533,100,20.47
11,mumbwa,-14.99,27.06,67.55,20,ZM,1542664971,80,7.49
12,hobart,-42.88,147.33,62.6,75,AU,1542661200,55,13.87
13,merauke,-8.49,140.4,79.57,8,ID,1542664971,91,13.42
14,georgetown,6.8,-58.16,82.4,40,GY,1542661200,78,11.41
15,hithadhoo,-0.6,73.08,81.59,68,MV,1542664531,100,3.24
16,yellowknife,62.45,-114.38,8.6,90,CA,1542661200,78,11.41
17,touros,-5.2,-35.46,80.52,80,BR,1542664752,81,17.78
18,pevek,69.7,170.27,-5.31,36,RU,1542663966,100,1.23
19,viedma,-40.81,-62.99,84.39,0,AR,1542664972,24,19.57
20,nalut,31.86,10.98,63.05,0,LY,1542664972,44,14.99
21,clyde river,70.47,-68.59,-9.41,75,CA,1542661200,83,25.28
22,rikitea,-23.12,-134.97,76.78,80,PF,1542664529,96,15.66
23,katobu,-4.94,122.53,82.18,0,ID,1542664973,100,7.16
24,cradock,-32.16,25.62,60.85,24,ZA,1542664973,56,2.35
25,new norfolk,-42.78,147.06,62.6,75,AU,1542661200,55,13.87
26,punta arenas,-53.16,-70.91,48.2,40,CL,1542661200,49,35.57
28,bredasdorp,-34.53,20.04,68,8,ZA,1542661200,88,2.24
29,tuktoyaktuk,69.44,-133.03,6.8,75,CA,1542661200,84,17.22
30,margate,-43.03,147.26,62.6,75,AU,1542661200,55,13.87
31,isabela,10.2,122.99,69.35,100,PH,1542664974,100,3.13
32,east london,-33.02,27.91,71.42,32,ZA,1542664520,93,22.37
33,severo-kurilsk,50.68,156.12,33.22,24,RU,1542664581,100,7.38
34,atuona,-9.8,-139.03,79.89,64,PF,1542664565,100,15.66
35,kapit,2.02,112.94,71.97,88,MY,1542664974,99,2.24
36,srednekolymsk,67.46,153.71,-15.34,48,RU,1542664590,69,2.57
37,arraial do cabo,-22.97,-42.02,69.8,90,BR,1542661200,94,13.87
38,kapaa,22.08,-159.32,80.06,1,US,1542660960,58,19.46
39,cabo san lucas,22.89,-109.91,80.6,75,MX,1542660840,39,10.29
40,lebu,8.96,38.73,42.54,0,ET,1542663942,44,4.47
41,wenatchee,47.42,-120.31,46.94,1,US,1542664380,49,4.7
42,xai-xai,-25.04,33.64,72.1,80,MZ,1542664975,100,8.5
43,dunedin,-45.87,170.5,44.65,92,NZ,1542664621,100,9.73
44,vila franca do campo,37.72,-25.43,59,20,PT,1542663000,72,8.05
45,palmer,-34.85,139.16,60.8,75,AU,1542663000,82,17.22
46,halifax,44.65,-63.58,35.6,90,CA,1542661200,100,2.24
47,ushuaia,-54.81,-68.31,46.4,40,AR,1542661200,75,23.04
48,taltal,-25.41,-70.49,69.35,0,CL,1542664784,68,3.8
49,pahrump,36.21,-115.98,60.98,1,US,1542661080,11,10.29
50,codrington,-28.95,153.24,63.55,20,AU,1542664539,79,3.58
52,butaritari,3.07,172.79,84.39,8,KI,1542664535,100,9.73
54,mehran,33.12,46.17,46.4,0,IR,1542661200,87,4.7
55,kargat,55.19,80.28,14.77,88,RU,1542664977,83,13.2
56,kachug,53.96,105.89,7.07,56,RU,1542664977,64,9.17
57,cayenne,4.94,-52.33,80.6,90,GF,1542663000,83,8.05
58,kavieng,-2.57,150.8,83.08,76,PG,1542664580,100,7.83
59,bulawayo,-20.16,28.59,71.24,0,ZW,1542664977,48,10.96
60,boa vista,2.82,-60.67,91.4,75,BR,1542661200,49,6.93
61,krasnoarmeysk,56.12,38.15,26.6,90,RU,1542663000,92,6.71
62,shangrao,28.45,117.97,46.22,36,CN,1542664978,95,2.13
63,ampanihy,-24.69,44.75,70.48,44,MG,1542664979,64,4.36
64,bahia honda,22.9,-83.16,81.37,20,CU,1542664979,84,1.12
65,bismarck,46.81,-100.78,10.04,75,US,1542663300,92,4.36
66,lagoa,37.14,-8.45,59,75,PT,1542663000,93,13.87
67,hamilton,32.3,-64.78,73.4,40,BM,1542660900,78,9.17
68,polunochnoye,60.87,60.43,7.17,0,RU,1542664979,54,6.82
69,bluff,-23.58,149.07,71.42,36,AU,1542664521,69,7.72
70,suluq,31.67,20.25,65.49,48,LY,1542664980,40,11.52
71,poya,-21.35,165.16,72.37,0,NC,1542664980,100,8.39
72,tecoanapa,16.99,-99.26,86,5,MX,1542660660,70,8.05
73,san quintin,17.54,120.52,71.6,40,PH,1542661200,94,2.24
74,malinovskiy,54.15,34.53,28.4,80,RU,1542664980,96,7.94
75,kuytun,54.34,101.51,10.72,64,RU,1542664596,69,7.61
77,port alfred,-33.59,26.89,70.12,0,ZA,1542664540,83,16.11
78,cherskiy,68.75,161.3,-19.53,48,RU,1542664532,85,2.68
79,dikson,73.51,80.55,20.62,88,RU,1542663924,92,18.9
81,puerto ayora,-0.74,-90.35,86,20,EC,1542661200,51,14.99
82,flinders,-34.58,150.85,64.4,0,AU,1542661200,68,5.82
83,baykit,61.68,96.39,-15.34,20,RU,1542664568,65,5.14
84,kristiansand,37.36,-76.77,57.92,1,US,1542663300,82,5.93
85,urengoy,65.96,78.37,-7.38,80,RU,1542664821,77,22.03
86,provideniya,64.42,-173.23,28.4,90,RU,1542661200,86,8.95
87,guarapari,-20.67,-40.5,80.6,0,BR,1542661200,78,16.11
88,ponta do sol,-20.63,-46,67.02,88,BR,1542664528,99,3.69
89,kichera,55.93,110.1,-1.21,56,RU,1542664982,100,4.25
90,yashkul,46.17,45.34,16.89,20,RU,1542664982,62,4.14
91,vila velha,-3.71,-38.6,82.4,0,BR,1542661200,69,11.41
92,maldonado,-34.91,-54.96,75.2,20,UY,1542661200,41,8.05
93,mazatlan,23.22,-106.42,80.6,75,MX,1542660360,44,6.93
94,airai,-8.93,125.41,69.54,88,TL,1542664561,92,0.89
95,kaitangata,-46.28,169.85,49.33,92,NZ,1542664587,90,17.78
96,busselton,-33.64,115.35,52.48,32,AU,1542664529,100,9.62
97,chuy,-33.69,-53.46,75.02,0,UY,1542664524,65,4.59
98,liverpool,53.41,-2.98,44.6,40,GB,1542662400,81,16.11
99,zhigansk,66.77,123.37,-20.79,48,RU,1542664984,30,2.91
101,sao jose da coroa grande,-8.9,-35.15,77.5,68,BR,1542663982,90,9.95
102,albany,42.65,-73.75,39.02,90,US,1542663300,64,2.24
103,guerrero negro,27.97,-114.04,73.85,0,MX,1542664580,52,4.81
104,ixtapa,20.71,-105.21,80.6,40,MX,1542664020,61,8.05
105,barranca,-10.75,-77.76,64.4,20,PE,1542664984,98,8.61
107,coromandel,-36.76,175.5,57.2,48,NZ,1542661200,62,5.82
109,ulaangom,49.98,92.07,-19.21,8,MN,1542664985,23,1.9
110,kavaratti,10.57,72.64,82.22,36,IN,1542663952,100,4.81
111,castro,-42.48,-73.76,54.05,92,CL,1542664526,98,10.29
112,honningsvag,70.98,25.97,44.6,75,NO,1542662400,81,36.91
114,san pedro,-33.68,-59.66,79.93,0,AR,1542664988,40,11.74
115,sao filipe,14.9,-24.5,75.12,92,CV,1542664572,100,7.61
116,esna,45.2,27.57,31.74,0,RO,1542664988,100,13.2
117,hilo,19.71,-155.08,78.98,20,US,1542660960,62,10.29
118,marsa matruh,31.35,27.25,59,0,EG,1542661200,128,2.8
119,samoded,63.61,40.52,25.62,8,RU,1542664989,77,8.05
120,nikolskoye,59.7,30.79,28.4,75,RU,1542661200,86,4.47
121,kargasok,59.06,80.87,5.99,76,RU,1542664989,82,4.7
122,hovd,63.83,10.7,35.6,75,NO,1542662400,86,10.29
123,menongue,-14.66,17.68,61.62,32,AO,1542664634,100,1.12
124,khatanga,71.98,102.47,-1.48,76,RU,1542664538,69,21.47
125,padang,-0.92,100.36,79.62,92,ID,1542664735,100,2.13
126,victoria,5.28,115.24,77,75,BN,1542661200,94,3.24
127,los llanos de aridane,28.66,-17.92,64.4,64,ES,1542663000,68,4.7
128,souillac,45.6,-0.6,35.6,0,FR,1542663000,74,10.29
129,coihaique,-45.58,-72.07,55.4,90,CL,1542661200,82,3.36
130,evensk,61.92,159.24,14.09,80,RU,1542664780,100,13.76
131,burgeo,47.61,-57.61,37.18,68,CA,1542664990,100,18.68
132,kruisfontein,-34,24.73,64.4,0,ZA,1542664551,93,3.13
133,saint-pierre,48.95,4.24,35.6,90,FR,1542663000,93,14.99
135,kalmunai,7.42,81.82,73.77,92,LK,1542664596,100,3.36
136,talakan,50.29,130.28,-8.91,8,RU,1542664992,65,2.8
137,qaanaaq,77.48,-69.36,-12.33,0,GL,1542664530,100,3.69
138,basco,40.33,-91.2,44.06,40,US,1542663300,81,10.29
139,saint-michel-des-saints,46.68,-73.92,25.12,76,CA,1542664987,78,2.91
140,carnarvon,-30.97,22.13,67.15,0,ZA,1542663947,20,10.85
142,cururupu,-1.82,-44.87,83.53,12,BR,1542664995,68,10.96
143,caravelas,-17.73,-39.27,79.3,24,BR,1542664596,100,15.55
144,pisco,-13.71,-76.2,71.6,0,PE,1542661200,30,10.29
145,worthing,50.81,-0.37,39.2,75,GB,1542663360,86,16.11
146,horsham,-36.71,142.2,68.68,76,AU,1542664996,48,4.36
147,sitka,37.17,-99.65,48.88,0,US,1542663971,44,12.75
149,thompson,55.74,-97.86,-9.41,90,CA,1542661200,76,4.7
150,mastic beach,40.77,-72.85,51.08,1,US,1542663300,89,9.95
151,floro,61.6,5.03,35.6,20,NO,1542662400,93,6.93
152,havoysund,71,24.66,42.8,75,NO,1542662400,81,36.91
153,manokwari,-0.87,134.08,82.49,0,ID,1542664840,99,6.49
154,anadyr,64.73,177.51,12.2,90,RU,1542663000,92,13.42
155,santa luzia,-19.77,-43.85,77,0,BR,1542661200,60,2.24
156,singaparna,-7.35,108.11,65.8,24,ID,1542664998,97,1.57
157,dudinka,69.41,86.18,4.33,80,RU,1542664519,78,31.43
158,port hardy,50.7,-127.42,48.2,20,CA,1542661200,66,5.82
159,geraldton,49.72,-86.95,1.4,90,CA,1542661200,64,4.7
160,camacha,33.08,-16.33,64.4,40,PT,1542663000,82,8.05
161,nome,30.04,-94.42,53.06,90,US,1542663300,92,9.17
162,cape town,-33.93,18.42,59,75,ZA,1542661200,93,12.75
163,hadgaon,19.5,77.66,68.32,92,IN,1542664999,94,6.49
164,praia da vitoria,38.73,-27.07,60.8,20,PT,1542661200,77,17.56
166,fort nelson,58.81,-122.69,21.2,75,CA,1542661200,79,2.24
167,orumiyeh,37.55,45.08,37.4,75,IR,1542661200,100,4.7
168,port lincoln,-34.72,135.86,58.47,76,AU,1542663937,97,13.65
169,point pedro,9.82,80.23,79.3,92,LK,1542665000,100,14.2
170,belen,36.49,36.19,51.8,0,TR,1542660600,76,2.24
171,innisfail,52.02,-113.95,44.6,75,CA,1542661200,70,4.7
172,la ronge,55.1,-105.3,10.4,90,CA,1542661200,78,12.75
173,funadhoo,6.15,73.27,83.98,8,MV,1542665000,100,5.37
174,bubaque,11.28,-15.83,80.6,0,GW,1542661200,74,8.16
175,barrow,-38.31,-60.23,82.94,8,AR,1542664536,31,18.79
176,saldanha,41.42,-6.55,46.22,76,PT,1542663793,94,2.91
177,laguna,27.52,-110.01,84.2,20,MX,1542660300,21,4.7
179,torbay,47.66,-52.73,30.2,40,CA,1542661200,68,11.41
180,ponta pora,-22.54,-55.73,78.8,40,BR,1542661200,65,4.7
182,kalemie,-5.95,29.2,76.15,64,CD,1542665004,100,5.48
183,ilulissat,69.22,-51.1,37.4,75,GL,1542660600,40,23.04
187,beloha,-25.17,45.06,71.52,32,MG,1542664589,83,7.49
188,madison heights,42.49,-83.11,39.02,1,US,1542663300,63,8.05
189,upernavik,72.79,-56.15,21.74,0,GL,1542664552,100,18.79
190,hofn,64.25,-15.21,41.37,8,IS,1542664571,99,4.25
191,beringovskiy,63.05,179.32,17.24,32,RU,1542664613,100,21.14
192,sabha,27.03,14.43,67.29,44,LY,1542663971,31,4.14
193,xingyi,24.19,102.82,56.3,0,CN,1542665005,83,7.94
194,mahebourg,-20.41,57.7,75.2,40,MU,1542661200,83,4.7
195,emerald,-23.53,148.16,72.42,80,AU,1542664626,70,9.28
197,ust-kuyga,70,135.55,-30.91,56,RU,1542665006,0,2.91
198,mar del plata,-46.43,-67.52,74.49,0,AR,1542664537,29,32.32
199,narsaq,60.91,-46.05,39.2,88,GL,1542660600,51,2.24
200,bethel,60.79,-161.76,32,90,US,1542663420,100,9.17
201,guangyuan,32.43,105.86,34.93,80,CN,1542665006,91,3.13
202,kuhdasht,33.53,47.61,42.8,0,IR,1542660660,93,2.13
203,saint george,39.45,22.34,48.2,20,GR,1542660600,93,3.36
204,misratah,32.38,15.09,70.97,24,LY,1542664820,73,12.64
205,pedasi,7.53,-80.03,78.27,92,PA,1542664851,100,4.36
206,grand gaube,-20.01,57.66,75.2,40,MU,1542661200,83,4.7
207,mareeba,-16.99,145.42,77,20,AU,1542661200,73,9.17
208,saskylakh,71.97,114.09,-24.61,0,RU,1542663967,37,14.65
209,porto walter,-8.27,-72.74,76.42,68,BR,1542665007,97,1.79
210,fortuna,38.18,-1.13,57.2,75,ES,1542663000,82,6.93
211,ereymentau,51.62,73.1,15.35,20,KZ,1542665007,84,10.4
212,majene,-3.54,118.97,83.62,8,ID,1542665007,98,9.4
213,lerwick,60.15,-1.15,46.4,0,GB,1542662400,87,2.24
215,manacapuru,-3.3,-60.62,92.04,20,BR,1542665008,50,4.14
216,chumikan,54.72,135.31,9.05,20,RU,1542665008,100,13.87
217,avarua,-21.21,-159.78,78.8,40,CK,1542661200,69,9.17
218,vigrestad,58.57,5.7,37.4,75,NO,1542662400,86,8.05
219,shahpur,22.19,77.91,69.54,56,IN,1542665009,75,3.13
220,davila,18.47,120.58,71.6,40,PH,1542661200,94,2.24
221,ribeira grande,38.52,-28.7,57.2,20,PT,1542661200,71,8.05
222,benguela,-12.58,13.4,76.64,8,AO,1542665009,100,7.94
223,mersing,2.43,103.84,74.62,48,MY,1542664810,100,4.14
224,manzanillo,20.34,-77.12,84.84,0,CU,1542665009,93,9.4
225,salinopolis,-0.61,-47.36,83.04,76,BR,1542665010,92,16.67
227,tiksi,71.64,128.87,-19.93,32,RU,1542664548,86,3.13
228,inirida,3.87,-67.92,81.5,56,CO,1542665010,81,2.68
229,gornopravdinsk,60.06,69.92,13.33,68,RU,1542664638,83,4.14
230,kodiak,39.95,-94.76,42.08,90,US,1542660780,57,14.99
231,vanavara,60.35,102.28,-7.74,56,RU,1542664599,61,5.59
232,palmas bellas,9.23,-80.09,78.8,75,PA,1542661200,88,3.36
233,bathsheba,13.22,-59.52,82.4,40,BB,1542661200,74,24.16
234,kieta,-6.22,155.63,78.85,0,PG,1542664639,100,4.59
235,kano,11.99,8.53,68,0,NG,1542661200,56,3.36
236,antofagasta,-23.65,-70.4,64.4,75,CL,1542661200,72,12.75
237,robertsport,6.75,-11.37,82.32,8,LR,1542664561,100,7.94
240,hambantota,6.12,81.12,76.37,80,LK,1542664571,100,4.92
241,digby,44.62,-65.76,42.22,92,CA,1542665011,100,8.16
242,klaksvik,62.23,-6.59,44.6,68,FO,1542662400,87,12.75
243,leo,11.1,-2.1,77.9,12,BF,1542665012,73,2.91
245,norman wells,65.28,-126.83,14,90,CA,1542661200,78,13.87
246,amahai,-3.31,129,76.74,80,ID,1542665012,100,5.93
247,muriti,-1.99,32.93,75.2,75,TZ,1542661200,78,4.03
248,cidreira,-30.17,-50.22,68.19,0,BR,1542664596,68,7.38
249,mapiri,-15.31,-68.22,55.9,92,BO,1542665012,100,2.91
250,araouane,18.9,-3.53,77.19,100,ML,1542665013,35,5.48
251,sola,58.89,5.65,37.4,75,NO,1542662400,86,8.05
252,biak,-0.91,122.88,75.07,48,ID,1542664769,100,2.68
253,zambezi,-13.55,23.12,70.89,20,ZM,1542665013,81,6.15
254,santa pola,38.19,-0.56,57.2,75,ES,1542663000,82,6.93
255,bilibino,68.06,166.44,-27.99,20,RU,1542665013,0,2.35
256,tarbagatay,51.48,107.36,-0.41,20,RU,1542663000,77,3.69
257,daru,7.99,-10.85,75.02,36,SL,1542665014,83,3.91
258,husavik,50.56,-96.99,9.69,0,CA,1542664819,96,4.25
259,guca,43.78,20.23,32,90,RS,1542663000,86,2.24
260,lokosovo,61.13,74.84,7.25,80,RU,1542665014,85,3.8
262,coahuayana,18.62,-100.35,84.43,0,MX,1542664524,29,2.91
263,ibotirama,-12.18,-43.22,88.12,12,BR,1542665015,35,4.25
264,santa lucia,39.93,9.66,51.8,20,IT,1542660900,87,11.41
265,solwezi,-12.18,26.4,65.22,20,ZM,1542665016,84,7.38
266,ayabaca,-4.64,-79.72,63.69,88,PE,1542665016,97,2.13
267,talaya,55.79,84.89,12.39,88,RU,1542665016,86,7.94
268,ambilobe,-13.19,49.05,70.52,0,MG,1542664835,91,4.14
269,san joaquin,10.59,122.14,73.85,92,PH,1542665016,95,7.38
271,tanout,14.97,8.88,68.09,20,NE,1542664750,19,8.72
272,roald,62.58,6.12,41,20,NO,1542662400,93,5.82
273,taoudenni,22.68,-3.98,65.8,0,ML,1542664756,55,7.83
274,palu,-0.9,119.87,62.47,32,ID,1542665017,93,1.68
275,bar harbor,44.39,-68.2,32,90,US,1542662040,100,5.82
276,windhoek,-22.57,17.08,80.6,24,NA,1542661200,50,8.05
277,naze,5.43,7.07,76.42,56,NG,1542664593,93,7.83
278,paamiut,61.99,-49.67,36.77,68,GL,1542664546,91,11.18
280,salou,41.08,1.14,51.8,80,ES,1542663000,93,3.24
281,rock springs,41.59,-109.2,33.98,1,US,1542664440,43,2.57
282,north bend,43.41,-124.22,48.92,1,US,1542660960,86,4.7
283,shelbyville,39.41,-88.79,38.3,90,US,1542663300,88,8.05
284,chaoyang,41.58,120.44,23.05,24,CN,1542665019,80,6.71
285,ostrovnoy,68.05,39.51,25.97,0,RU,1542664607,77,15.66
286,ketchikan,55.34,-131.65,50,20,US,1542660960,85,13.87
287,vestmannaeyjar,63.44,-20.27,45.32,12,IS,1542664767,90,24.16
288,rio grande,-32.03,-52.1,73.4,0,BR,1542660300,35,9.17
289,carupano,10.67,-63.26,80.97,68,VE,1542665019,89,13.2
290,nanortalik,60.14,-45.24,36.1,92,GL,1542664556,88,11.3
291,faanui,-16.48,-151.75,82,64,PF,1542664561,100,4.36
292,hualmay,-11.1,-77.61,72.14,12,PE,1542664600,64,5.93
293,puyang,35.76,115.02,38.35,0,CN,1542665020,90,9.95
294,corrales,5.83,-72.84,56.12,68,CO,1542665020,94,1.9
295,batagay,67.65,134.64,-24.03,36,RU,1542665020,35,3.13
297,teguldet,57.31,88.17,1.32,80,RU,1542664617,71,3.8
298,bundaberg,-24.87,152.35,74.22,8,AU,1542664844,100,10.51
299,lata,30.78,78.62,32.95,0,IN,1542664540,79,1.68
300,mandera,3.94,41.86,69.58,0,ET,1542664627,91,2.8
301,shimoda,34.7,138.93,51.8,40,JP,1542658680,93,1.12
302,uulu,58.28,24.58,28.94,12,EE,1542665021,87,6.93
303,panguna,-6.32,155.48,75.57,92,PG,1542665021,89,1.68
304,tshane,-24.02,21.87,73.94,8,BW,1542665021,32,3.02
305,pokrovskoye,47.41,38.9,29.53,80,RU,1542665021,86,11.41
306,vanimo,-2.67,141.3,81.59,64,PG,1542664624,100,7.05
307,candolim,15.52,73.76,76.55,0,IN,1542664897,100,3.36
308,mecca,21.43,39.83,68,0,SA,1542664803,68,3.13
309,denpasar,-8.65,115.22,80.6,20,ID,1542663000,83,9.17
310,lavrentiya,65.58,-170.99,33.35,92,RU,1542664579,100,20.69
311,niamey,13.52,2.11,82.4,0,NE,1542661200,23,2.68
314,praia,-20.25,-43.81,77,75,BR,1542661200,73,2.24
315,lompoc,34.64,-120.46,66.02,1,US,1542660960,65,5.82
317,longyearbyen,78.22,15.63,26.6,40,NO,1542660600,68,19.46
318,harper,30.3,-99.24,53.96,90,US,1542664260,58,4.7
319,sao gabriel da cachoeira,-0.13,-67.09,83.12,36,BR,1542665023,87,2.68
320,quelimane,-17.88,36.89,71.34,0,MZ,1542664581,94,4.59
321,tsiroanomandidy,-18.77,46.05,61.03,68,MG,1542665023,96,3.91
322,kyle,29.99,-97.88,51.98,90,US,1542664260,63,9.17
323,mackay,53.65,-115.58,44.6,75,CA,1542661200,80,12.75
324,opuwo,-18.06,13.84,76.29,92,NA,1542665024,30,5.48
325,porbandar,21.64,69.61,71.79,0,IN,1542665024,83,5.26
326,ribeira brava,32.65,-17.07,64.4,40,PT,1542663000,63,6.93
327,sajanan,37.06,9.24,60.8,8,TN,1542661200,82,4.7
328,otane,-39.89,176.62,51.62,0,NZ,1542665024,77,2.68
329,wanning,48.64,13.53,33.8,75,AT,1542662400,86,18.34
331,sonoma,38.29,-122.46,69.08,1,US,1542663600,34,9.17
332,kemin,42.79,75.7,-1.75,20,KG,1542665025,46,1.9
333,balkanabat,39.51,54.36,29.98,0,TM,1542665025,77,2.35
334,sinnamary,5.38,-52.96,79.57,92,GF,1542664588,100,8.84
335,devonport,-41.18,146.36,55.77,100,AU,1542665026,90,8.16
336,portland,45.52,-122.67,55.04,1,US,1542660780,46,3.69
337,joshimath,30.57,79.57,1.45,8,IN,1542665026,100,1.01
338,saint-denis,48.94,2.36,39.2,90,FR,1542663000,69,11.41
339,meadow lake,54.13,-108.44,19.4,90,CA,1542661200,92,11.41
340,raudeberg,61.99,5.14,41,8,NO,1542662400,93,6.93
341,athens,34.8,-86.97,55.4,90,US,1542663480,89,9.17
342,lazaro cardenas,28.39,-105.62,71.6,5,MX,1542663600,21,6.93
343,ponta delgada,37.73,-25.67,59,20,PT,1542663000,72,8.05
344,tacuarembo,-31.73,-55.98,73.67,0,UY,1542665027,63,4.36
345,petropavlovsk-kamchatskiy,53.05,158.65,15.8,12,RU,1542663000,85,4.47
346,baraboo,43.47,-89.74,30.74,90,US,1542664380,69,5.82
348,shieli,44.18,66.74,29.12,92,KZ,1542665028,87,3.36
349,koryazhma,61.32,47.16,18.59,64,RU,1542665028,80,6.15
350,hasaki,35.73,140.83,50,75,JP,1542661200,76,10.29
351,salcedo,19.38,-70.42,86,20,DO,1542661200,51,12.75
352,pangody,65.85,74.49,-1.75,80,RU,1542665029,70,22.48
353,valley city,46.92,-98,8.06,1,US,1542663300,71,8.05
354,leningradskiy,69.38,178.42,15.09,48,RU,1542664577,93,15.21
355,lujan,-46.57,-67.67,74.62,0,AR,1542665029,19,38.48
356,kununurra,-15.77,128.74,80.6,0,AU,1542662940,94,4.7
357,venado tuerto,-33.75,-61.97,77.45,0,AR,1542665029,52,16.33
358,hit,33.64,42.83,55.63,36,IQ,1542665029,89,2.68
359,bambanglipuro,-7.95,110.28,71.07,76,ID,1542664592,99,2.8
360,galle,29.74,-97.91,53.06,90,US,1542664260,63,9.17
361,najran,17.54,44.22,66.2,0,SA,1542661200,52,2.91
362,georgiyevka,52.25,40.45,24.58,76,RU,1542664530,91,5.48
363,paracuru,-3.41,-39.03,82.4,0,BR,1542661200,69,11.41
364,aragats,40.22,44.23,30.2,0,AM,1542663000,80,1.12
365,bakchar,57.02,82.07,8.92,88,RU,1542665031,79,5.59
366,wilmington,39.75,-75.55,51.08,1,US,1542663300,87,4.7
367,ancud,-41.87,-73.83,55.14,92,CL,1542664595,96,11.97
368,marawi,8,124.29,62.69,92,PH,1542665031,99,2.24
369,piltene,57.23,21.67,35.6,90,LV,1542664200,100,4.7
370,afikpo,5.88,7.92,78.62,64,NG,1542665032,81,9.73
371,berlevag,70.86,29.09,44.6,75,NO,1542662400,81,38.03
372,maxixe,-23.86,35.35,73.9,36,MZ,1542665032,96,6.6
373,walvis bay,-22.95,14.51,59,56,NA,1542661200,82,4.7
374,esperance,10.24,-61.45,80.6,40,TT,1542661200,88,5.82
375,san cristobal,-0.39,-78.55,57.2,75,EC,1542662400,82,6.93
376,cuamba,-14.8,36.54,67.29,92,MZ,1542665032,98,3.91
377,maceio,-9.67,-35.74,78.8,40,BR,1542661200,78,11.41
378,qorveh,35.17,47.8,32.99,56,IR,1542665033,75,0.78
379,puerto escondido,15.86,-97.07,89.6,20,MX,1542660300,62,9.17
380,sabinas hidalgo,26.51,-100.18,55,92,MX,1542665033,75,5.48
381,lorengau,-2.02,147.27,80.2,76,PG,1542664771,100,10.29
382,puerto ayacucho,5.66,-67.63,93.2,40,CO,1542661200,56,3.36
383,nurota,40.56,65.69,42.8,90,UZ,1542663000,87,4.7
384,pensacola,30.42,-87.22,69.08,1,US,1542663300,50,3.13
385,san antonio,-33.58,-71.61,75.2,0,CL,1542661200,60,6.93
386,garowe,8.41,48.48,68.05,0,SO,1542665035,57,8.05
387,dingle,11,122.67,73.85,92,PH,1542663994,95,7.38
389,sulmona,42.05,13.93,44.6,75,IT,1542660600,100,3.36
390,manaure,11.78,-72.45,89.6,20,CO,1542661200,55,13.87
391,sedlcany,49.66,14.43,30.2,20,CZ,1542663000,80,16.11
392,chokurdakh,70.62,147.9,-13.72,20,RU,1542664568,64,8.16
393,cardston,49.2,-113.32,51.8,1,CA,1542661200,45,21.92
394,ystad,55.43,13.82,39.2,75,SE,1542662400,86,14.99
395,yenagoa,4.92,6.26,76.6,80,NG,1542665037,87,7.72
396,eyl,7.98,49.82,74.98,0,SO,1542665037,100,10.63
397,alofi,-19.06,-169.92,84.2,40,NU,1542661200,79,9.17
399,mehamn,71.03,27.85,44.6,75,NO,1542662400,81,38.03
401,malkangiri,18.35,81.9,65.94,12,IN,1542665037,92,3.13
403,pimentel,-3.7,-45.5,84.97,24,BR,1542665038,72,3.13
404,neuquen,-38.95,-68.06,87.8,0,AR,1542661200,18,5.82
405,pueblo nuevo,23.99,-106.96,82.72,24,MX,1542665038,38,3.58
407,broken hill,-31.97,141.45,71.2,56,AU,1542664583,42,12.19
408,itarema,-2.92,-39.92,84.88,0,BR,1542663986,58,18.23
409,lahat,-3.78,103.55,71.79,92,ID,1542665039,98,4.14
410,nishihara,35.74,139.53,53.6,90,JP,1542661200,71,4.7
411,puerto leguizamo,-0.19,-74.78,80.97,48,CO,1542664556,87,2.24
412,bambous virieux,-20.34,57.76,75.2,40,MU,1542661200,83,4.7
413,maragogi,-9.01,-35.22,77.5,68,BR,1542664865,90,9.95
414,edd,13.93,41.69,66.25,0,ER,1542665039,50,3.58
415,malanje,-9.54,16.35,71.15,12,AO,1542664798,90,4.25
416,soyo,-6.13,12.37,78.27,68,AO,1542664857,92,5.82
417,ahipara,-35.17,173.16,53.38,92,NZ,1542664791,100,17.78
418,gelibolu,40.41,26.67,55.4,75,TR,1542660600,100,2.24
419,atar,20.52,-13.05,66.02,0,MR,1542664612,52,5.37
420,samarinda,-0.5,117.14,72.55,20,ID,1542664837,100,2.13
421,nantucket,41.28,-70.1,51.98,40,US,1542662100,82,3.36
422,honolulu,21.3,-157.86,82.94,40,US,1542661020,56,21.92
423,horki,54.29,30.98,31.37,80,BY,1542665040,88,8.95
424,lafia,8.5,8.51,78.62,48,NG,1542665041,62,2.8
425,salalah,17.01,54.1,77,0,OM,1542660600,73,2.24
426,vao,59.1,26.19,25.52,0,EE,1542664571,89,3.02
427,bilma,18.69,12.92,61.97,20,NE,1542664521,31,4.47
428,blairmore,49.61,-114.44,44.6,1,CA,1542661200,45,21.92
429,liuzhou,24.32,109.41,55.27,92,CN,1542665041,100,3.24
430,lusambo,-4.97,23.44,73.77,12,CD,1542665041,91,1.9
431,fairbanks,64.84,-147.72,19.94,75,US,1542661080,92,4.14
432,port macquarie,-31.43,152.91,62.6,75,AU,1542661200,82,4.7
433,samarai,-10.62,150.67,76.74,92,PG,1542664576,100,10.63
434,broome,52.47,1.45,44.6,20,GB,1542662700,71,18.34
435,manado,1.49,124.85,75.2,40,ID,1542663000,94,2.24
436,pedernales,0.07,-80.05,82.4,76,EC,1542665042,67,10.07
437,gat,14.69,-16.54,78.54,0,SN,1542664787,53,12.41
438,kropotkin,45.43,40.58,33.44,88,RU,1542664797,96,9.17
439,fershampenuaz,53.52,59.82,13.6,44,RU,1542665042,68,2.91
440,mayo,63.59,-135.9,26.6,90,CA,1542661200,92,3.02
441,calderitas,18.55,-88.26,82.4,75,MX,1542663840,78,7.16
442,mahibadhoo,3.78,72.97,83.57,44,MV,1542665043,100,3.36
443,udachnyy,66.42,112.4,-38.11,0,RU,1542663993,0,2.46
444,alugan,12.22,125.48,76.47,92,PH,1542665043,100,23.26
445,vardo,39.62,-77.74,57.2,5,US,1542664020,76,4.36
446,tual,-5.67,132.75,82.63,0,ID,1542664634,100,2.13
447,alyangula,-13.85,136.42,82.4,0,AU,1542665044,100,8.28
448,thunder bay,48.41,-89.26,12.2,75,CA,1542661200,61,12.75
449,tezpur,26.62,92.79,55.14,0,IN,1542665044,88,2.35
451,port keats,-14.25,129.55,79.52,32,AU,1542665044,98,5.7
452,tura,25.52,90.21,55.49,0,IN,1542664576,84,2.57
453,san mariano,16.98,122.01,70.25,88,PH,1542665044,94,3.13
455,talnakh,69.49,88.39,2.75,88,RU,1542664615,83,26.06
456,berlin,52.52,13.39,39.2,75,DE,1542662400,80,12.75
457,krotoszyn,51.7,17.44,29.8,24,PL,1542665045,76,15.66
458,sur,22.57,59.53,76.33,0,OM,1542664551,100,2.68
459,liwale,-9.8,37.92,74.17,92,TZ,1542665045,80,5.93
460,bangassou,4.74,22.82,76.92,8,CF,1542665045,55,3.36
461,clinton,30.87,-91.02,66.02,75,US,1542663300,63,4.7
462,general roca,-39.03,-67.58,87.8,0,AR,1542661200,18,5.82
463,azul,-36.78,-59.86,78.17,0,AR,1542665046,45,15.43
464,fuzhou,26.08,119.3,62.6,75,CN,1542661200,77,15.66
465,antalaha,-14.9,50.28,72.73,0,MG,1542665046,90,4.7
466,san ramon,12.92,-85.84,75.2,75,NI,1542661200,69,4.7
467,sambava,-14.27,50.17,77.45,0,MG,1542665047,100,7.72
468,katsuura,33.93,134.5,46.4,75,JP,1542662400,93,8.05
469,vostok,46.45,135.83,-10.75,0,RU,1542663941,52,1.9
470,constitucion,23.99,-104.67,73.4,40,MX,1542660540,17,8.05
471,northam,51.04,-4.21,42.8,0,GB,1542662400,86,8.05
472,auly,48.55,34.45,33.8,75,UA,1542663000,86,17.9
473,aykhal,65.95,111.51,-38.83,0,RU,1542664766,0,2.91
474,yantai,37.53,121.39,48.29,0,CN,1542665048,100,18.68
475,gladstone,-23.84,151.26,73,76,AU,1542665048,75,6.6
476,buraydah,26.33,43.97,57.2,40,SA,1542661200,100,12.75
477,namibe,-15.19,12.15,73.4,0,AO,1542664624,100,5.59
478,nuevo progreso,26.05,-97.95,53.6,90,US,1542664200,100,10.29
479,vilhena,-12.74,-60.15,77,75,BR,1542661200,88,5.82
480,nouakchott,18.08,-15.98,69.72,0,MR,1542664587,100,12.19
481,luderitz,-26.65,15.16,58.74,0,NA,1542664599,82,19.57
482,poum,41.28,20.71,26.97,68,MK,1542664628,93,1.68
484,kambove,-10.88,26.6,62.15,48,CD,1542665050,93,3.91
485,port hope,43.95,-78.29,37.4,75,CA,1542661200,74,4.7
487,bandarbeyla,9.49,50.81,79.17,0,SO,1542664586,100,12.75
488,lempaala,60.41,30.35,30.2,75,RU,1542663000,86,4.47
489,zabaykalsk,49.64,117.33,-10.93,0,CN,1542665051,51,7.83
490,bronnoysund,65.46,12.2,39.2,88,NO,1542662400,86,5.82
491,marale,12.45,77.4,67.92,56,IN,1542665051,96,4.7
492,monterey,36.6,-121.89,66.92,1,US,1542663300,36,1.79
493,mitsamiouli,-11.38,43.28,80.6,20,KM,1542661200,74,4.7
494,taxisco,14.07,-90.46,91.4,40,GT,1542661200,52,13.87
495,kloulklubed,7.04,134.26,78.8,75,PW,1542660720,83,5.82
496,linxia,35.6,103.21,16.17,76,CN,1542664527,58,1.57
497,plouzane,48.38,-4.62,37.4,0,FR,1542663000,74,10.29
498,kajaani,64.22,27.73,23,0,FI,1542662400,92,8.05
499,zverinogolovskoye,54.46,64.85,20.98,88,RU,1542665127,76,2.91
500,port elizabeth,39.31,-74.98,55.94,1,US,1542660960,71,4.14
501,aswan,24.09,32.9,66.2,0,EG,1542661200,24,8.05
502,romanovo,56.49,40.39,25.07,76,RU,1542665054,79,9.51
503,isangel,-19.55,169.27,75.2,75,VU,1542661200,83,6.93
504,necochea,-38.55,-58.74,77.23,8,AR,1542663996,53,12.86
505,serebryansk,49.68,83.3,1.4,90,KZ,1542663000,84,3.13
506,vuktyl,63.86,57.31,16.93,92,RU,1542664618,79,6.71
507,sao felix do xingu,-6.64,-51.99,82.4,20,BR,1542664982,88,1.34
508,villacarrillo,38.12,-3.08,46.9,92,ES,1542665055,100,4.7
509,sistranda,63.73,8.83,35.6,75,NO,1542662400,93,9.17
510,olinda,-2.03,-79.75,89.6,40,EC,1542661200,52,9.17
511,puerto maldonado,-12.59,-69.19,33.8,90,PE,1542661200,334,2.24
512,nouadhibou,20.93,-17.03,68,0,MR,1542661200,82,8.05
513,mayumba,-3.44,10.65,75.07,8,GA,1542665055,100,1.57
514,hailey,43.52,-114.32,39.2,5,US,1542660420,55,6.93
515,inhambane,-23.87,35.38,73.9,36,MZ,1542665056,96,6.6
516,chapais,49.78,-74.86,5,20,CA,1542661200,71,2.24
517,salamiyah,35.01,37.05,38.62,12,SY,1542665056,80,0.89
518,loikaw,19.67,97.21,56.84,0,MM,1542665057,99,2.35
519,beitbridge,-22.21,29.99,73.59,0,ZA,1542665057,65,7.61
520,smolensk,54.79,32.05,31.82,88,RU,1542665131,89,9.17
521,dolgorukovo,52.32,38.35,26.92,80,RU,1542665058,92,6.6
522,moussoro,13.64,16.49,74.67,0,TD,1542665058,33,9.4
523,yertsevo,60.8,40.09,17.52,24,RU,1542665058,79,6.04
524,siavonga,-16.54,28.71,83.98,0,ZW,1542665059,42,12.19
525,aklavik,68.22,-135.01,12.2,90,CA,1542662460,84,10.29
526,dryden,49.79,-92.84,5,1,CA,1542661200,54,4.7
527,carutapera,-1.2,-46.02,82.22,88,BR,1542664566,80,11.74
528,huarmey,-10.07,-78.15,74.84,8,PE,1542664788,49,3.91
529,lamu,0.57,122.3,70.34,20,ID,1542665059,100,2.24
530,swellendam,-34.02,20.44,68,32,ZA,1542661200,88,2.24
531,zhaodong,46.07,125.99,14,0,CN,1542661200,72,6.71
532,paragominas,-3,-47.35,75.97,64,BR,1542664831,99,7.61
533,esso,55.93,158.7,-0.31,24,RU,1542665060,58,2.68
535,sao joao da barra,-21.64,-41.05,75.2,90,BR,1542661200,94,11.41
536,takoradi,4.89,-1.75,79.17,32,GH,1542665061,100,4.14
537,grindavik,63.84,-22.43,46.4,75,IS,1542663000,81,33.33
538,oktyabrskiy,55.61,37.97,32,90,RU,1542661200,92,8.95
539,leshukonskoye,64.9,45.76,26.34,12,RU,1542665061,91,7.05
540,san patricio,-26.98,-56.83,74.62,0,PY,1542664538,72,4.36
541,siguiri,11.42,-9.17,77.99,36,GN,1542665061,45,7.27
542,troy,42.73,-73.69,39.02,90,US,1542663300,64,2.24
543,suntar,62.16,117.65,-26.77,0,RU,1542665062,41,2.68
544,sarangarh,21.6,83.08,64.45,24,IN,1542665062,83,2.8
545,dolores,-33.53,-58.22,78.35,0,UY,1542665062,39,9.06
546,dalbandin,28.9,64.41,53.87,0,PK,1542665063,75,6.93
547,sorland,67.67,12.69,44.6,75,NO,1542662400,87,12.75
548,joigny,47.98,3.4,37.4,75,FR,1542663000,86,8.05
549,belaya gora,68.54,146.19,-15.39,44,RU,1542664589,69,3.36
550,ocean city,30.44,-86.61,69.98,1,US,1542660960,54,3.36
551,oksovskiy,62.61,39.91,23.27,8,RU,1542665063,85,7.72
552,usinsk,66,57.56,25.44,92,RU,1542665064,90,14.76
553,lakhnadon,22.6,79.61,59.68,0,IN,1542665064,76,2.68
554,tirumullaivasal,11.24,79.84,79.07,32,IN,1542665064,100,12.41
555,smoky lake,54.11,-112.47,34.48,36,CA,1542665064,90,10.07
557,yulara,-25.24,130.99,69.8,40,AU,1542661200,88,5.82
558,ayna,38.55,-2.07,48.2,0,ES,1542661200,93,2.24
559,wasilla,61.58,-149.44,42.98,1,US,1542660960,64,5.82
560,vysokogornyy,50.1,139.13,2.94,24,RU,1542665065,52,8.95
561,sainte-rose,45.61,-73.79,33.8,90,CA,1542661200,74,2.24
562,amuntai,-2.42,115.25,75.39,36,ID,1542665065,93,2.13
563,novyy urgal,51.07,132.56,-12.78,12,RU,1542665065,58,5.7
564,nelson bay,-32.72,152.14,64.4,75,AU,1542661200,68,4.7
565,the valley,18.22,-63.06,82.4,40,AI,1542661200,69,14.99
567,kaoma,-14.8,24.8,70.75,12,ZM,1542665066,72,7.94
568,tilichiki,60.47,166.1,-7.42,68,RU,1542665066,76,5.59
569,pemberton,-34.44,116.03,47.62,80,AU,1542665066,74,6.71
570,porto novo,-23.68,-45.44,64.4,75,BR,1542661200,93,3.36
571,ahuimanu,21.44,-157.84,82.94,75,US,1542662760,65,14.99
572,verkhoyansk,67.55,133.39,-24.03,68,RU,1542664581,35,2.91
573,karratha,-20.74,116.85,79.75,0,AU,1542664542,19,14.99
574,nyurba,63.29,118.35,-23.44,20,RU,1542664615,34,2.57
575,christchurch,-43.53,172.64,44.6,92,NZ,1542661200,93,10.29
577,sechura,-5.56,-80.82,78.99,8,PE,1542664833,63,15.99
578,kahului,20.89,-156.47,82.94,20,US,1542660960,58,19.46
579,dovolnoye,54.5,79.67,15.62,92,RU,1542665067,85,13.65
580,saint anthony,43.97,-111.68,37.94,1,US,1542660960,43,4.7
581,pacific grove,36.62,-121.92,66.92,1,US,1542663300,36,1.79
582,jojoima,7.88,-10.79,75.02,36,SL,1542665068,83,3.91
583,tabou,4.42,-7.36,80.42,56,CI,1542664782,100,5.03
585,jardim,-21.48,-56.15,79.48,68,BR,1542664806,81,4.14
586,luganville,-15.51,167.18,78.67,32,VU,1542664776,100,9.51
587,tahlequah,35.92,-94.97,51.8,1,US,1542663300,53,4.7
588,kudahuvadhoo,2.67,72.89,82.77,44,MV,1542664771,100,3.8
589,ferme-neuve,46.7,-75.45,23.27,68,CA,1542664824,78,3.91
590,alenquer,-1.95,-54.74,87.8,40,BR,1542661200,62,4.7
591,kathmandu,27.71,85.32,46.4,20,NP,1542664200,100,3.36
592,tapikan,10.61,122.17,73.85,92,PH,1542665069,95,7.38
594,livingston,32.58,-88.19,66.02,90,US,1542661080,58,4.7
595,yumen,40.29,97.04,19.14,76,CN,1542664820,80,5.03
596,eenhana,-17.48,16.34,79.89,36,NA,1542665070,33,4.47
597,margara,40.03,44.18,30.2,0,TR,1542663000,80,1.12
598,barkly west,-28.54,24.52,78.8,92,ZA,1542661200,29,4.7
599,okha,53.59,142.95,8.47,0,RU,1542665070,100,8.39
600,nabire,-3.36,135.5,66.43,32,ID,1542664568,90,2.57
601,norwich,52.63,1.29,44.6,20,GB,1542662700,82,18.34
602,arroio grande,-32.24,-53.09,72.42,0,BR,1542665034,84,4.92
604,westport,53.8,-9.52,42.85,8,IE,1542664564,98,13.09
605,jacareacanga,-6.22,-57.76,91.4,20,BR,1542661200,66,1.12
606,bonavista,48.65,-53.11,32.82,64,CA,1542664900,100,14.65
